,EUCLIDEAN-HAC,CORRELATION-HAC,SPEARMAN-HAC,DTW-HAC,EUCLIDEAN-KM,CORRELATION-KM,SPEARMAN-KM,DTW-KM,EUCLIDEAN-DB,CORRELATION-DB,SPEARMAN-DB,DTW-DB
0,0.2192266533406018,0.5231316780029119,0.9177044931460943,0.21923700982151426,0.26863641371757035,0.58116461787667,0.9043278482682003,0.26861055318222965,1.6895260976763375,1.3827530128490235,1.2044888035018297,1.6920702670519383
