METRICA,SIL - HAC,SIL - KM,SIL - DB,CHZ - HAC,CHZ - KM,CHZ - DB,DUNN - HAC,DUNN - KM,DUNN - DB,DAVID - HAC,DAVID - KM,DAVID - DB
Euclidean Distance,0.667898239819282,0.6767378804921447,0.6943700188775617,1013.7808697290792,1020.1595592106039,184.76612128392708,0.11777155309910817,0.12989052558160213,0.8772205890162537,0.6168296176392366,0.6090025217144904,0.7943052850840393
Pearson Correlation,0.3144537742379969,0.3567934784592453,0.006824801292050977,145.38145388726133,167.3108345588931,10.08677820154434,0.8271352894878168,0.8449906874497671,0.787268188152823,1.066420872581288,0.9774785566569398,0.8066733756885592
Spearman Correlation,0.49646114444943534,0.514095860025843,0.36392385993669363,239.48860090826815,269.00450331318166,54.40734377679411,0.6413972882119116,0.6413972882119116,0.6413972882119116,0.6347451018425466,0.6285159909583584,0.595850335321759
Dynamic Time Warping,0.5252774544066438,0.5541358465218408,-0.35131642550194486,788.9469452672233,832.699887441081,2.9044991197787478,0.3270280677751581,0.31933328970986025,0.006423533837616029,0.6585797468923905,0.6714248667797343,1.3701435553998424
