,METRICA,SIL - HAC,SIL - KM,SIL - DB,CHZ - HAC,CHZ - KM,CHZ - DB,DUNN - HAC,DUNN - KM,DUNN - DB,DAVID - HAC,DAVID - KM,DAVID - DB
0,Euclidean Distance,0.9698082056918771,0.9682040174421305,0.15271387118875931,344509.92379499885,345276.2116308815,0.5648960625937058,,,,0.06043879764177337,0.09159339500996805,1.8377852860668442
1,Pearson Correlation,0.6908884373337344,0.7002496652849167,0.4640230851035733,3149.6349440439067,3290.7383795893675,250.41300052311172,1.2442806850799886,1.2442806850799886,0.9297272081188683,0.6503800200183194,0.6413761958343845,0.8020659856443755
2,Spearman Correlation,0.3655347882007621,0.3854036654692026,0.2102609233572961,361.01165507626524,395.15356535443055,69.2174265846346,1.3465553859075863,1.3208191692143452,1.0755555555555556,0.9963174054491546,1.024356472489942,1.5428401898229471
3,Dynamic Time Warping,0.9697956002357313,0.9681909204350309,0.29733799445839537,344167.49457854655,344942.3824118904,1.3271699468284526,,,,0.060460487402599315,0.09161260008407102,1.8104429248355753
